dimension,count
BetweennessCentrality,3534
LinkDistance,5731
MaxFlowMinCut,7840
ShortestPaths,5914
SpanningTree,3416
optimization,
optimization.AspectRatioBanker,7074
animate,0
Easing,17010
FunctionSequence,5842
interpolate,
ArrayInterpolator,1983
ColorInterpolator,2047
DateInterpolator,1375
Interpolator,8746
MatrixInterpolator,2202
NumberInterpolator,1382
ObjectInterpolator,1629
PointInterpolator,1675
RectangleInterpolator,2042
ISchedulable,1041
Parallel,5176
Pause,449
Scheduler,5593
Sequence,5534
